Mirror of Kalandra,mir,Mirror,Kalandra,Mirrors,Mirrors of Kalandra
Mirror Shard,mirror-shard,Mirror Shards
Exalted Orb,exa,Exalted,Exalt,Exalts,Exalted Orbs
Exalted Shard,exalted-shard,Exalted Shards
Chaos Orb,chaos,Chaos
Ancient Orb,ancient-orb,Ancient,Ancient Orbs
Harbinger's Orb,harbingers-orb,Harbinger,Harbinger's,Harbinger's Orbs,Harbinger Orbs
Divine Orb,divine,Divine,Divines
Orb of Annulment,orb-of-annulment,Annulment,Annulments,Orbs of Annulment
Master Cartographer's Sextant,master-sextant,Master,Master Sextant,Master Sextants
Orb of Horizons,orb-of-horizons,Horizons,Orbs of Horizons
Journeyman Cartographer's Sextant,journeyman-sextant,Journeyman,Journeyman Sextant,Journeyman Sextants
Apprentice Cartographer's Sextant,apprentice-sextant,Apprentice,Apprentice Sextant,Apprentice Sextants
Engineer's Orb,engineers-orb,Engineer,Engineer's,Engineers,Engineer's Orbs
Vaal Orb,vaal,Vaal
Blessing of Chayula,blessing-chayula,Blessings of Chayula
Blessing of Uul-Netol,blessing-uul-netol,Blessings of Uul-Netol
Blessing of Esh,blessing-esh,Esh's Blessing,Blessings of Esh
Blessing of Xoph,blessing-xoph,Xoph's Blessing,Blessings of Xoph
Blessing of Tul,blessing-tul,Tul's Blessing,Blessings of Tul
Splinter of Chayula,splinter-chayula,Chayula Splinter,Splinters of Chayula,Chayula Splinters
Splinter of Xoph,splinter-xoph,Xoph Splinter,Splinters of Xoph,Xoph Splinters
Splinter of Esh,splinter-esh,Esh Splinter,Splinters of Esh,Esh Splinters
Splinter of Uul-Netol,splinter-uul,Uul-Netol Splinter,Splinters of Uul-Netol,Uul-Netol Splinters
Splinter of Tul,splinter-tul,Tul Splinter,Splinters of Tul,Tul Splinters
Regal Orb,regal,Regal,Regals,Regal Orbs
Gemcutter's Prism,gcp,Gemcutter,Gemcutter's,Gemcutters,Prisms,G. C. P.
Orb of Regret,regret,Regret,Regrets,Orbs of Regret
Cartographer's Chisel,chisel,Chisel,Chisels,Cartographer's Chisels
Orb of Fusing,fuse,Fuse,Fusing,Fusings,Orbs of Fusing
Orb of Alchemy,alch,Alchemy,Alchemies,Orbs of Alchemy
Orb of Scouring,scour,Scouring,Scourings,Orbs of Scouring
Blessed Orb,blessed,Blessed Orbs
Silver Coin,silver,Silver Coins
Orb of Binding,orb-of-binding,Orbs of Binding
Glassblower's Bauble,ba,Glassblower,Glassblower's,Bauble
Chromatic Orb,chrom,Chrom,Chrome,Chromatic,Chromes,Chromatics,Chromatic Orbs
Jeweller's Orb,jew,Jeweller,Jeweller's,Jewellers,Jeweller's Orbs
Orb of Alteration,alt,Alteration,Alteration Orb,Alterations,Orbs of Alteration,Alteration Orbs
Orb of Chance,chance,Chance,Chance Orb,Orbs of Chance,Chance Orbs
Orb of Augmentation,aug,Augmentation,Augmentation Orb,Orbs of Augmentation,Augmentation Orbs
Orb of Transmutation,tra,Transmutation,Transmutation Orb,Transmutations,Transmutation Orbs,Orbs of Transmutation
Blacksmith's Whetstone,whe,Blacksmith,Blacksmith's
Armourer's Scrap,scr,Armourer,Armourer's,Scraps
Perandus Coin,p,Perandus,Perandus Coins
Portal Scroll,port,Portal,Portals,Portal Scrolls
Scroll of Wisdom,wis,Wisdom,Wisdom Scroll,Wisdom Scrolls,Scrolls of Wisdom
Eternal Orb,ete,Eternal,Eternal Orbs
Annulment Shard,annulment-shard,Annulment Shards
Binding Shard,binding-shard,Binding Shards
Horizon Shard,horizon-shard,Horizon Shards
Harbinger's Shard,harbingers-shard,Harbinger Shards,Harbinger's Shards
Engineer's Shard,engineers-shard,Engineer Shards,Engineer's Shards
Ancient Shard,ancient-shard,Ancient Shards
Chaos Shard,chaos-shard,Chaos Shards
Regal Shard,regal-shard,Regal Shards